{"type":"Topology","arcs":[],"objects":{"povertyReport ":{"type":"GeometryCollection","geometries":[{"type":null,"properties":{"state":"Alabama","state_National":"AL","varA":16.9,"varB":16.5,"varC":17.3,"varD":24.4,"varE":23.5,"varF":25.3}},{"type":null,"properties":{"state":"Alaska","state_National":"AK","varA":11,"varB":10.4,"varC":11.6,"varD":14.5,"varE":13.3,"varF":15.7}},{"type":null,"properties":{"state":"Arizona","state_National":"AZ","varA":14.9,"varB":14.6,"varC":15.2,"varD":21,"varE":20.3,"varF":21.7}},{"type":null,"properties":{"state":"Arkansas","state_National":"AR","varA":16.3,"varB":15.9,"varC":16.7,"varD":22.5,"varE":21.5,"varF":23.5}},{"type":null,"properties":{"state":"California","state_National":"CA","varA":13.3,"varB":13.2,"varC":13.4,"varD":18.1,"varE":17.8,"varF":18.4}},{"type":null,"properties":{"state":"Colorado","state_National":"CO","varA":10.3,"varB":10,"varC":10.6,"varD":12.2,"varE":11.5,"varF":12.9}},{"type":null,"properties":{"state":"Connecticut","state_National":"CT","varA":9.7,"varB":9.3,"varC":10.1,"varD":13,"varE":12.2,"varF":13.8}},{"type":null,"properties":{"state":"Delaware","state_National":"DE","varA":13,"varB":12.4,"varC":13.6,"varD":17.7,"varE":16.5,"varF":18.9}},{"type":null,"properties":{"state":"District of Columbia","state_National":"DC","varA":16.6,"varB":15.8,"varC":17.4,"varD":26.2,"varE":23.7,"varF":28.7}},{"type":null,"properties":{"state":"Florida","state_National":"FL","varA":14.1,"varB":13.9,"varC":14.3,"varD":20.6,"varE":20.1,"varF":21.1}},{"type":null,"properties":{"state":"Georgia","state_National":"GA","varA":15.1,"varB":14.8,"varC":15.4,"varD":21.5,"varE":20.7,"varF":22.3}},{"type":null,"properties":{"state":"Hawaii","state_National":"HI","varA":9.5,"varB":9.1,"varC":9.9,"varD":11.9,"varE":10.9,"varF":12.9}},{"type":null,"properties":{"state":"Idaho","state_National":"ID","varA":12.6,"varB":12.1,"varC":13.1,"varD":14.8,"varE":13.8,"varF":15.8}},{"type":null,"properties":{"state":"Illinois","state_National":"IL","varA":12.5,"varB":12.3,"varC":12.7,"varD":17,"varE":16.5,"varF":17.5}},{"type":null,"properties":{"state":"Indiana","state_National":"IN","varA":13.3,"varB":13,"varC":13.6,"varD":17.8,"varE":17.1,"varF":18.5}},{"type":null,"properties":{"state":"Iowa","state_National":"IA","varA":10.8,"varB":10.5,"varC":11.1,"varD":12.6,"varE":12,"varF":13.2}},{"type":null,"properties":{"state":"Kansas","state_National":"KS","varA":11.9,"varB":11.5,"varC":12.3,"varD":14.7,"varE":13.9,"varF":15.5}},{"type":null,"properties":{"state":"Kentucky","state_National":"KY","varA":17.1,"varB":16.7,"varC":17.5,"varD":22.1,"varE":21.3,"varF":22.9}},{"type":null,"properties":{"state":"Louisiana","state_National":"LA","varA":19.6,"varB":19.2,"varC":20,"varD":27.7,"varE":26.8,"varF":28.6}},{"type":null,"properties":{"state":"Maine","state_National":"ME","varA":11.3,"varB":10.9,"varC":11.7,"varD":14.2,"varE":13.2,"varF":15.2}},{"type":null,"properties":{"state":"Maryland","state_National":"MD","varA":9.4,"varB":9.1,"varC":9.7,"varD":12.4,"varE":11.8,"varF":13}},{"type":null,"properties":{"state":"Massachusetts","state_National":"MA","varA":10.5,"varB":10.2,"varC":10.8,"varD":13.5,"varE":12.8,"varF":14.2}},{"type":null,"properties":{"state":"Michigan","state_National":"MI","varA":14.1,"varB":13.9,"varC":14.3,"varD":19.6,"varE":19.1,"varF":20.1}},{"type":null,"properties":{"state":"Minnesota","state_National":"MN","varA":9.5,"varB":9.3,"varC":9.7,"varD":11.7,"varE":11.2,"varF":12.2}},{"type":null,"properties":{"state":"Mississippi","state_National":"MS","varA":19.9,"varB":19.5,"varC":20.3,"varD":27.6,"varE":26.7,"varF":28.5}},{"type":null,"properties":{"state":"Missouri","state_National":"MO","varA":13.4,"varB":13.1,"varC":13.7,"varD":18.5,"varE":17.8,"varF":19.2}},{"type":null,"properties":{"state":"Montana","state_National":"MT","varA":12.7,"varB":12.2,"varC":13.2,"varD":15.9,"varE":14.8,"varF":17}},{"type":null,"properties":{"state":"Nebraska","state_National":"NE","varA":10.7,"varB":10.3,"varC":11.1,"varD":13.7,"varE":12.8,"varF":14.6}},{"type":null,"properties":{"state":"Nevada","state_National":"NV","varA":13.3,"varB":12.9,"varC":13.7,"varD":19.2,"varE":18.3,"varF":20.1}},{"type":null,"properties":{"state":"New Hampshire","state_National":"NH","varA":7.7,"varB":7.3,"varC":8.1,"varD":10,"varE":9,"varF":11}},{"type":null,"properties":{"state":"New Jersey","state_National":"NJ","varA":10,"varB":9.8,"varC":10.2,"varD":13.8,"varE":13.2,"varF":14.4}},{"type":null,"properties":{"state":"New Mexico","state_National":"NM","varA":19,"varB":18.5,"varC":19.5,"varD":25.9,"varE":24.7,"varF":27.1}},{"type":null,"properties":{"state":"New York","state_National":"NY","varA":14.1,"varB":13.9,"varC":14.3,"varD":19.9,"varE":19.4,"varF":20.4}},{"type":null,"properties":{"state":"North Carolina","state_National":"NC","varA":14.7,"varB":14.4,"varC":15,"varD":21,"varE":20.3,"varF":21.7}},{"type":null,"properties":{"state":"North Dakota","state_National":"ND","varA":10.2,"varB":9.7,"varC":10.7,"varD":11.4,"varE":10.4,"varF":12.4}},{"type":null,"properties":{"state":"Ohio","state_National":"OH","varA":13.9,"varB":13.7,"varC":14.1,"varD":19.8,"varE":19.2,"varF":20.4}},{"type":null,"properties":{"state":"Oklahoma","state_National":"OK","varA":15.8,"varB":15.5,"varC":16.1,"varD":21.3,"varE":20.6,"varF":22}},{"type":null,"properties":{"state":"Oregon","state_National":"OR","varA":13.2,"varB":12.9,"varC":13.5,"varD":16.5,"varE":15.6,"varF":17.4}},{"type":null,"properties":{"state":"Pennsylvania","state_National":"PA","varA":12.5,"varB":12.3,"varC":12.7,"varD":16.9,"varE":16.4,"varF":17.4}},{"type":null,"properties":{"state":"Rhode Island","state_National":"RI","varA":12.3,"varB":11.7,"varC":12.9,"varD":18.2,"varE":16.9,"varF":19.5}},{"type":null,"properties":{"state":"South Carolina","state_National":"SC","varA":15.4,"varB":15.1,"varC":15.7,"varD":22.3,"varE":21.5,"varF":23.1}},{"type":null,"properties":{"state":"South Dakota","state_National":"SD","varA":12.8,"varB":12.3,"varC":13.3,"varD":16.3,"varE":15.2,"varF":17.4}},{"type":null,"properties":{"state":"Tennessee","state_National":"TN","varA":15,"varB":14.7,"varC":15.3,"varD":21.1,"varE":20.4,"varF":21.8}},{"type":null,"properties":{"state":"Texas","state_National":"TX","varA":14.7,"varB":14.5,"varC":14.9,"varD":21,"varE":20.6,"varF":21.4}},{"type":null,"properties":{"state":"Utah","state_National":"UT","varA":9.7,"varB":9.3,"varC":10.1,"varD":10.6,"varE":9.9,"varF":11.3}},{"type":null,"properties":{"state":"Vermont","state_National":"VT","varA":10.8,"varB":10.1,"varC":11.5,"varD":12.8,"varE":11.5,"varF":14.1}},{"type":null,"properties":{"state":"Virginia","state_National":"VA","varA":10.7,"varB":10.5,"varC":10.9,"varD":14,"varE":13.4,"varF":14.6}},{"type":null,"properties":{"state":"Washington","state_National":"WA","varA":11,"varB":10.8,"varC":11.2,"varD":14.2,"varE":13.6,"varF":14.8}},{"type":null,"properties":{"state":"West Virginia","state_National":"WV","varA":18.5,"varB":18,"varC":19,"varD":24.4,"varE":23.2,"varF":25.6}},{"type":null,"properties":{"state":"Wisconsin","state_National":"WI","varA":11.3,"varB":11.1,"varC":11.5,"varD":14.6,"varE":14,"varF":15.2}},{"type":null,"properties":{"state":"Wyoming","state_National":"WY","varA":10.8,"varB":10.2,"varC":11.4,"varD":12.9,"varE":11.7,"varF":14.1}}]}}}